Card Type / Name,Year / Box Type,Sport
1st Edition Noter Dame Collegiate Collection,2020,Football
Allen & Ginter,Hobby Box,Baseball
Allen & Ginter Topps Chrome,2020 Blaster Box,Baseball
Bowman,2020 Hobby Box,Baseball
Bowman,2020 Hobby Box,Baseball
Bowman,2020 Hobby Box,Baseball
Bowman,2000 Hobby Box,Baseball
Bowman,1995 box,Football
Bowman,2020 Blaster Box,Baseball
Bowman,2021 Mega Box,Baseball
Bowman,2019 Hobby Box,Baseball
Bowman,2022 Blaster Box,Baseball
Bowman,2022 Hobby Box,Baseball
Bowman,2024 Hobby Box,Baseball
Bowman HTA,2025 Hobby Box,Baseball
Bowman's Best U,2024 Hobby Box,Baseball
Bowman's Best U,2022/23 Hobby Box,Basketball
Bowman's Best,2024/25 Hobby Box,Basketball
Bowman Sapphire,2024 Hobby Box,Baseball
Bowman Sapphire,2023 Hobby Box,Baseball
Bowman 1st Edition,2024 Hobby Box,Baseball
Bowman 1st Edition,2022 Hobby Box,Baseball
Bowman Chrome Mega,2023 Hobby Box,Baseball
Bowman Chrome Mega,2023 Mega Box,Baseball
Bowman Chrome Lite,2024 Mega Box,Baseball
Bowman Chrome,2021 Hobby Box,Baseball
Bowman Chrome,2022 Mega Box,Baseball
Bowman Chrome,2020 Hobby Box,Baseball
Bowman Chrome,2000 Hobby Box,Baseball
Bowman Chrome,1999 Hobby Box,Baseball
Bowman Chrome,2017 Hobby Box,Baseball
Bowman Chrome,2018 Hobby Box,Baseball
Bowman Chrome,2019 Hobby Box,Baseball
Bowman Chrome,2021 Hobby Box,Baseball
Bowman Chrome,2022 Hobby Box,Baseball
Bowman Chrome,2023 Hobby Box,Baseball
Bowman Chrome X,2024 Hobby Box,Baseball
Bowman Chrome HTA,2022 Hobby Box,Baseball
Bowman Chrome HTA,2022 Hobby Box,Baseball
Bowman Chrome HTA,2021 Hobby Box,Baseball
Bowman Chrome HTA,2020 Hobby Box,Baseball
Bowman Chrome HTA,2019 Hobby Box,Baseball
Bowman Chrome Sapphire Edition,2023 Hobby Box,Baseball
Bowman Chrome Sapphire Edition,2022 Mega Box,Baseball
Bowman Draft 1st Edition,2023 Mega Box,Baseball
Bowman Draft Lite,2022 Hobby Box,Baseball
Bowman Draft Jumbo,2022 Hobby Box,Baseball
Bowman Draft Jumbo,2017 Hobby Box,Baseball
Bowman Draft Jumbo,2018 Hobby Box,Baseball
Bowman Draft Jumbo,2019 Hobby Box,Baseball
Bowman Draft Jumbo,2022 Hobby Box,Baseball
Bowman Draft Jumbo,2023 Hobby Box,Baseball
Bowman Draft Picks,2024 Hobby Box,Baseball
Bowman Draft Picks,2012 Hobby Box,Baseball
Bowman Draft Picks,2013 Hobby Box,Baseball
Bowman Draft Picks,2014 Hobby Box,Baseball
Bowman Draft Picks,2015 Hobby Box,Baseball
Bowman Draft Picks,2016 Hobby Box,Baseball
Bowman Draft Sapphire Edition,2020 box,Baseball
Bowman Draft Super Jumbo,2018 Hobby Box,Baseball
Bowman Draft Super Jumbo,2019 Hobby Box,Baseball
Bowman Draft Super Jumbo,2022 Hobby Box,Baseball
Bowman Draft Super Jumbo,2023 Hobby Box,Baseball
Bowman High Tek,2018 Hobby Box,Baseball
Bowman Inception,2023 Hobby Box,Baseball
Bowman Jumbo,2020 Hobby Box,Baseball
Bowman Jumbo,2019 Hobby Box,Baseball
Bowman Jumbo,2020 Hobby Box,Baseball
Bowman Jumbo,2021 Hobby Box,Baseball
Bowman Jumbo,2024 Hobby Box,Baseball
Bowman Jumbo,2025 Hobby Box,Baseball
Bowman Mega Box,2019 Blaster Box,Baseball
Bowman Platinum,2025 Value Box,Baseball
Bowman Platinum,2020 Blaster Box,Baseball
Bowman Platinum,2021 Blaster Box,Baseball
Bowman Sterling,2021 Hobby Box,Baseball
Bowman Sterling,2022 Hobby Box,Baseball
Bowman Sterling,2020 Hobby Box,Baseball
Bowman Sterling,2019 Hobby Box,Baseball
Bowman's Best,2024 Hobby Box,Baseball
Bowman U,2020 Hobby Box,Baseball
Bowman U,2022 Hobby Box,Football
Bowman U,2023 Hobby Box,Football
Bowman U HTA,2023 Hobby Box,Football
Traded,1989 Set,Baseball
Lorcana Disney Chapter 1,2023 Packs,Disney Cards
Lorcana Disney Chapter 1,2023 80%,Disney Cards
Disney Rise of the Floodbarn,2023 Packs,Disney Cards
Lorcana Into the Inklands,2024 Starter Deck,Disney Cards
Contenders Draft Picks,2020 Hobby Box,Football
Absolute,2019 Hanger Box,Football
Absolute Memorabilia,2020 Retail Tall Box,Basketball
Absolute Memorabilia,2021 Retail Tall Box,Football
Panini Certified,2022 Retail Tall Box,Football
Panini Contenders,2022 Retail Tall Box,Basketball
Panini Illusions,2022 Retail Tall Box,Basketball
Panini Certified,2020-21 Hobby Box,Basketball
Panini Chronicles,2022 Hobby Box,Football
Panini Chronicles,2017 Blaster Box,Baseball
Panini Chronicles,2020 Hobby Box,Basketball
Panini Chronicles,2020-21 Hobby Box,Basketball
Panini Chronicles,2021 Blaster Box,UFC
Panini Chronicles,2020-21 Hanger Box,Football
Panini Chronicles,2020-21 Hanger Box,Basketball
Panini Chronicles,2020-21 Blaster Box,Basketball
Panini Chronicles Draft Picks,2021 Hobby Box,Basketball
Panini Chronicles Draft Picks,2021 Hobby Box,Football
Panini Chronicles Draft Picks,2021 Hobby Box,Basketball
Panini Clearly Donruss,2021 Jumbo Packs,Football
Panini Contenders,2020/21 Hobby Box,Football
Panini Contenders,2020 Hobby Box,Basketball
Panini Contenders,2022 Hobby Box,Football
Panini Contenders,2023 Hobby Box,Football
Panini Contenders Draft Picks,2020 Hobby Box,Basketball
Panini Contenders,2021-22 Blaster Box,Basketball
Panini Court Kings,2020-21 Blaster Box,Basketball
Panini Donruss,2022 Packs,Football
Panini Donruss,2020-21 Hobby Box,Football
Panini Donruss,2021 Blaster Box,Basketball
Panini Donruss,2021-22 Value Pack,Baseball
Panini Donruss,2021 Blaster Box,Soccer
Panini Donruss,2021-22 Blaster Box,Football
Panini Donruss,2022 Packs,Basketball
Panini Donruss Gravity,2023 Blaster Box,Football
Panini Donruss Elite,2023 Mega Box,Football
Panini Donruss Set (Silver Pack),2023 Gravity Box,Football
Panini Elite,2021 Factory Set,Football
Panini Elite,2021 Blaster Box,Football
Panini Elite,2021 Jumbo Pack,Football
Panini Flux,2021-22 Hobby Box,Basketball
Panini Flux,2020-21 Blaster Box,Basketball
Panini Illusions,2020-21 Mega Box,Basketball
Panini Illusions,Value Pack,Football
Panini Illusions,2020 Hobby Box,Basketball
Panini Illusions,2021 Blaster Box,Football
Panini Illusions,2020-21 Value Pack,Basketball
Panini Illusions,2021 Mega Box,Basketball
Panini Illusions,2020-21 Mega Box,Football
Panini Kid's Crate - Series 1,2022 Blaster Box,Basketball
Panini Kid's Crate - Series 3,2021 Box,Various
Panini Limited,2021 Box,Various
Panini Luminance,2022 Hobby Box,Football
Panini Luminance,2021 Hobby Box,Football
Panini Luminance,2023 Hobby Box,Football
Panini Mosaic,2024 Hobby Box,Football
Panini Mosaic,2019-20 Blaster Box,Basketball
Panini Mosaic,2021 Hobby Box-H2,Soccer
Panini Mosaic,2021 Hobby Box,Soccer
Panini Mosaic,2020-21 Hanger Box,Basketball
Panini Mosaic,2020-21 Mega Box,Basketball
Panini Mosaic,2023 Blaster Box,Football
Panini Mosaic,2023-24 Hobby Box,Basketball
Panini NBA Hoops,2020-21 Hobby Box,Basketball
Panini Obsidian,2020-21 Hobby Box,Soccer
Panini One,2022-23 Hobby Box,Soccer
Panini Optic,2023 Hobby Box,Football
Panini Optic,2021 Retail Box,Football
Panini Optic,2023 Hobby Box H2,Football
Panini Origins,2020-21 Hanger Box,Basketball
Panini Phoenix,Hobby Box,Basketball
Panini Playbook,2023 Hobby Box,Football
Panini Playbook,2020 Hobby Box,Football
Panini Playbook,2020 Blaster Box,Football
Panini Playbook,2021 Mega Box,Football
Panini Playoff,2019 Hanger Box,Football
Panini Prestige,2019 Blaster Box,Football
Panini Prestige,2021 Hobby Box H2,Football
Panini Prizm Draft Picks,2021 Blaster Box,Football
Panini Prizm Premier League,2020-21 Mega Box,Soccer
Panini Prizm,2020-21 Blaster Box,Basketball
Panini Prizm,2020 Blaster Box,Basketball
Panini Prizm,2020 Hanger Box,Basketball
Panini Prizm,2020 Hobby Box,Basketball
Panini Prizm,2020 Hobby Box,Football
Panini Prizm,2020 Blaster Box,Football
Panini Prizm,2021 Hobby Box-H2,Football
Panini Prizm,2022 Blaster Box,Football
Panini Prizm,2023 Blaster Box,Football
Panini Prizm,2023 Hobby Box,Football
Panini Prizm,2024 Hobby Box,Football
Panini Prizm,2023-24 Hobby Box,Basketball
Panini Prizm,2024 Blaster Box,Football
Panini Prizm Premier League Hybrid,2020-21 box,Soccer
Panini Revolution,2020-21 Hobby Box,Basketball
Panini Select,2020-21 Blaster Box,Basketball
Panini Select,2022 Hobby Box,Football
Panini Select,2023-24 Blaster Box,Basketball
Panini Score,2019 Hanger Box,Football
Panini Score,2021 Jumbo Pack,Football
Pokemon Scarlet & Violet 151 Japanese,2024 Booster Box,Pokemon
Topps Chrome Jumbo,2020 Hobby Box,Baseball
Topps Chrome Jumbo,2016 Hobby Box,Baseball
Topps Chrome Jumbo,2019 Hobby Box,Baseball
Topps Chrome Update,2021 Hobby Box,Baseball
Topps Chrome Update,2020 Blaster Box,Baseball
Topps Chrome Update,2022 Hobby Box,Baseball
Topps Chrome Update Jumbo,2023 Breakers Delight Box,Baseball
Topps Chrome Update,2024 Hobby Box,Baseball
Topps Chrome Update,2024 Mega Box,Baseball
Topps Chrome Sapphire,2021 Mega Box,Baseball
Topps Chrome Sapphire,2022 Mega Box,Baseball
Topps Chrome Sapphire,2021 Mega Box,Tennis
Topps Chrome Sapphire,2023 Mega Box,Baseball
Topps Chrome Sapphire,2023 Mega Box,Soccer
Topps Chrome Sapphire,2024 Mega Box,Baseball
Topps Chrome Sapphire Update Series,2021 Mega Box,Baseball
Topps Chrome Sapphire Update Series,2023 Mega Box,Baseball
Topps Chrome Sapphire Update Series,2024 Mega Box,Baseball
Topps Chrome Platinum Anniversary,Mega Box,Baseball
Topps Clearly Authentic,2022 Hobby Box,Baseball
Topps Clearly Authentic,2021 Hobby Box,Baseball
Topps Clearly Authentic,2020 Hobby Box,Baseball
Topps Clearly Authentic,2019 Hobby Box,Baseball
Topps Composite,2022 Hobby Box,Baseball
Topps Finest,2023 Hobby Box,Football
Topps Finest,2020 Hobby Box,Baseball
Topps Finest,2018 Hobby Box,Baseball
Topps Finest,2019 Hobby Box,Baseball
Topps Finest,2021 Hobby Box,Baseball
Topps Finest,2021 Hobby Box,Soccer
Topps Finest,2021 Hobby Box,Basketball
Topps Finest,2022/23 Hobby Box,Baseball
Topps Finest,2023 Hobby Box,Baseball
Topps Finest,2023/24 Hobby Box,Soccer
Topps Finest,2024 Hobby Box,Baseball
Topps Finest,2024 Hobby Box,Basketball
Topps Finest Flashbacks,2024 Hobby Box,Football
Topps Formula 1,2023 Hobby Box,Formula 1
Topps Gallery,2021 Hobby Box,Baseball
Topps Garbage Pail Kids,Mega Box,Comics
Topps Genesis - Sold,2021 Box,Comics
Topps Gold Label,1986 Box,Baseball
Topps Gold Label,2025 Hobby Box,Baseball
Topps Gypsy Queen,2018 Hobby Box,Baseball
Topps Heritage,2020 Blaster Box,Baseball
Topps Heritage,2020 Blaster Box,Baseball
Topps Heritage,2021 Blaster Box,Baseball
Topps Heritage,2021 Mega Box,Baseball
Topps Heritage,Target Box 2021,Baseball
Topps Heritage,2018 Hobby Box,Baseball
Topps Heritage,2020 Hobby Box,Baseball
Topps Heritage,2019 Blaster Box,Baseball
Topps Heritage High Number,2013 Hobby Box,Baseball
Topps Heritage High Number,Hobby Box,Baseball
Topps Heritage High Number,2017 Hobby Box,Baseball
Topps Heritage High Number,2019 Hobby Box,Baseball
Topps Heritage High Number,2020 Hobby Box,Baseball
Topps Heritage Minor League,2022 Hobby Box,Baseball
Topps Heritage Minor League,2017 Hobby Box,Baseball
Topps High-Tek Stranger Things,2019 Hobby Box,Comics
Topps Holiday,2024 Mega Box,Baseball
Topps Inception,2024 Hobby Box,Baseball
Topps Inception,2018 Hobby Box,Baseball
Topps Inception,2019 Hobby Box,Baseball
Topps Inception,2020 Hobby Box,Baseball
Topps Inception,2021 Hobby Box,Baseball
Topps Inception,2023 Hobby Box,Baseball
Topps McDonald's,2024 Hobby Box,Basketball
Topps Merlin,2021/22 Hobby Box,Soccer
Topps Merlin,2022/23 Hobby Box,Soccer
Topps Mini Box,Mini Box,Baseball
Topps Midnight,2022 Hobby Box,Basketball
Topps Museum Collection,2023/24 Hobby Box,Baseball
Topps Museum Collection,2020 Hobby Box,Baseball
Topps Museum Collection,2022/23 Hobby Box,Baseball
Topps Pristine,2018 Hobby Box,Soccer
Topps Pristine,2022 Hobby Box,Baseball
Topps Pro Debut,2023 Hobby Box,Baseball
Topps Pro Debut Jumbo,2020 Hobby Box,Baseball
Topps Pro Debut Jumbo,2023 Hobby Box,Baseball
Topps Series 1,2021 Blaster Box,Baseball
Topps Series 1 Jumbo,2021 Hobby Box,Baseball
Topps Series 2 Jumbo,2021 Hobby Box,Baseball
Topps Signature Class,2024 Mega Box,Baseball
Topps Stadium Club,2017 Hobby Box,Football
Topps Stadium Club Chrome,2021 Hobby Box,Soccer
Topps Stadium Club Chrome,2021 Hobby Box,Baseball
Topps Star Wars Masterwork,2021 Hobby Box,Star Wars
Topps Star Wars,2022 Hobby Box,Star Wars
Topps Star Wars Signature Series,2023 Hobby Box,Star Wars
Topps Star Wars Galaxy,2023 Hobby Box,Star Wars
Topps Tier 1,2020 Hobby Box,Baseball
Topps Tier 1,2023 Hobby Box,Soccer
Topps Tier 1,2024 Hobby Box,Baseball
Topps Traded,1990 box,Baseball
Topps Traded Set,1994 box,Baseball
Topps Tribute,2025 Hobby Box,Baseball
Topps Update,2016 Hobby Box,Baseball
Topps Update,2015 Blaster Box,Baseball
Sage Premier Draft,2021 Blaster Box,Football
Topps 582 Montgomery Club Set,2023 Member Exclusive,Baseball
Topps 582 Montgomery Club Set,2024 Member Exclusive,Baseball
Topps,2020/21 box,Soccer
Topps 2020/21 Match Attax Extra Super Skills Stars,2020 Tins,Soccer
Topps 2020,1983 Blaster Box,Baseball
Topps 2021 Holiday Box,2020 Blaster Box,Baseball
Topps 2023 Holiday Box,2021 Mega Box,Baseball
Topps 2023 Holiday Box,2023 Mega Box,Baseball
Topps 2021 Series 1-Target Only,2021 Blaster Box,Baseball
Topps 2021 Series 1-TIN cases,2021 Tin Case,Baseball
Topps 2021 Series 2,2021 Hanger Box,Baseball
Topps 2021 Series 2,2021 Blaster Box,Baseball
Topps 2022 Series 1,2021 Jumbo Box,Baseball
Topps 2022 Series 2,2022 Jumbo Box,Baseball
Topps 2023 Series 1 Jumbo,2022 Hobby Box,Baseball
Topps 2023 Series 1 1st Edition,2023 Hobby Box,Baseball
Topps 2024 Series 1,2023 Hobby Box,Baseball
Topps 2025 Series 1 Jumbo,2024 Blaster Box,Baseball
Topps 2024 Holiday Advent Calendar,2025 Jumbo Box,Baseball
Topps Archives Signatures,2024 Hobby Box,Baseball
Topps Bowman Chrome Mini-Set,2021 Hobby Box,Baseball
Topps Bowman Chrome Mini-Set,2013 Set,Baseball
Topps Brooklyn Collection,2017 Set,Baseball
Topps Brooklyn Collection,2022 Hobby Box,Baseball
Topps Bundesliga,2023 Hobby Box,Soccer
Topps Chrome,2021-22 Hobby Box,Soccer
Topps Chrome,2020 Hobby Box,Baseball
Topps Chrome,2019 Blaster Box,Baseball
Topps Chrome,2015 Hobby Box,Baseball
Topps Chrome,2017 Hobby Box,Baseball
Topps Chrome,2018 Hobby Box,Baseball
Topps Chrome,1997 Hobby Box,Baseball
Topps Chrome,2024 Hobby Box,Baseball
Topps Chrome,2024 Mega Box,Baseball
Topps Chrome McDonald's,2024/23 Hobby Box,Soccer
Topps Chrome Jumbo,2024 Hobby Box,Baseball
Topps Chrome Jumbo,2021 Hobby Box,Baseball
Topps Chrome Jumbo,2022 Hobby Box,Baseball
Topps Chrome,2022 Hobby Box,Baseball
Topps Chrome Jumbo,2023 Hobby Box,Baseball
Topps Chrome Monster Box,2024 Hobby Box,Baseball
Topps Chrome Black,2024 Monster Box,Baseball
Chrome Black,2020 Hobby Box,Baseball
Topps Chrome Cosmic,2021 Hobby Box,Baseball
Topps Chrome Cosmic,2022 Hobby Box,Baseball
Topps Chrome Cosmic,2023 Hobby Box,Baseball
Topps Chrome Cosmic,2024 Hobby Box,Baseball
Topps Update,2019 Hobby Box,Baseball
Topps Update,2019 Hobby Box,Hockey
Topps Update,2020 Hobby Box,Baseball
Topps Update,2021 Retail Box,Baseball
Topps Update,2021 Blaster Box,Baseball
Topps Update Jumbo,2021 Hanger Box,Baseball
Topps Update Jumbo,2020 Hobby Box,Baseball
Topps Update Jumbo,2017 Hobby Box,Baseball
Topps Update Jumbo,2019 Hobby Box,Baseball
Topps Update Jumbo,2021 Hobby Box,Baseball
Topps Update Jumbo,2022 Hobby Box,Baseball
Topps Update Jumbo,2023 Hobby Box,Baseball
Topps Welcome to the Club (Ohtani 3X MVP),2025 Hobby Box,Baseball
Topps Wonderland Set,2024 Set-Red Pack,Baseball
Topps World Baseball Classic,2023 Hobby Box,Baseball
Topps X Derek Jeter Card Collection,2020 box,Baseball
Topps X Wander Franco,2022 box,Baseball
Topps X Steve Aoki Collection,2022 box,Baseball
Upper Deck MVP,2023-24 box,Hockey
Upper Deck Connor Bedard Collection,2023-24 Blaster Box,Hockey
Upper Deck Star Rookies,2023-24 Box Set,Hockey
