name,year_box_col,sport,year,box_type,full_title,search_query,search_query_clean
1st Edition Noter Dame Collegiate Collection,2020,Football,2020,,2020 1st Edition Noter Dame Collegiate Collection Football,2020 1st Edition Noter Dame Collegiate Collection Football,2020 1st edition noter dame collegiate collection football
Allen & Ginter,Hobby Box,Baseball,,Hobby,Allen & Ginter Baseball Hobby Box,Allen & Ginter Baseball Hobby,allen ginter baseball hobby
Allen & Ginter Topps Chrome,2020 Blaster Box,Baseball,2020,Blaster,2020 Allen & Ginter Topps Chrome Baseball Blaster Box,2020 Allen & Ginter Topps Chrome Baseball Blaster,2020 allen ginter topps chrome baseball blaster
Bowman,2020 Hobby Box,Baseball,2020,Hobby,2020 Bowman Baseball Hobby Box,2020 Bowman Baseball Hobby,2020 bowman baseball hobby
Bowman,2020 Hobby Box,Baseball,2020,Hobby,2020 Bowman Baseball Hobby Box,2020 Bowman Baseball Hobby,2020 bowman baseball hobby
Bowman,2020 Hobby Box,Baseball,2020,Hobby,2020 Bowman Baseball Hobby Box,2020 Bowman Baseball Hobby,2020 bowman baseball hobby
Bowman,2000 Hobby Box,Baseball,2000,Hobby,2000 Bowman Baseball Hobby Box,2000 Bowman Baseball Hobby,2000 bowman baseball hobby
Bowman,1995 box,Football,1995,,1995 Bowman Football,1995 Bowman Football,1995 bowman football
Bowman,2020 Blaster Box,Baseball,2020,Blaster,2020 Bowman Baseball Blaster Box,2020 Bowman Baseball Blaster,2020 bowman baseball blaster
Bowman,2021 Mega Box,Baseball,2021,Mega,2021 Bowman Baseball Mega Box,2021 Bowman Baseball Mega,2021 bowman baseball mega
Bowman,2019 Hobby Box,Baseball,2019,Hobby,2019 Bowman Baseball Hobby Box,2019 Bowman Baseball Hobby,2019 bowman baseball hobby
Bowman,2022 Blaster Box,Baseball,2022,Blaster,2022 Bowman Baseball Blaster Box,2022 Bowman Baseball Blaster,2022 bowman baseball blaster
Bowman,2022 Hobby Box,Baseball,2022,Hobby,2022 Bowman Baseball Hobby Box,2022 Bowman Baseball Hobby,2022 bowman baseball hobby
Bowman,2024 Hobby Box,Baseball,2024,Hobby,2024 Bowman Baseball Hobby Box,2024 Bowman Baseball Hobby,2024 bowman baseball hobby
Bowman HTA,2025 Hobby Box,Baseball,2025,Hobby,2025 Bowman HTA Baseball Hobby Box,2025 Bowman HTA Baseball Hobby,2025 bowman hta baseball hobby
Bowman's Best U,2024 Hobby Box,Baseball,2024,Hobby,2024 Bowman's Best U Baseball Hobby Box,2024 Bowman's Best U Baseball Hobby,2024 bowman s best u baseball hobby
Bowman's Best U,2022/23 Hobby Box,Basketball,2022/23,Hobby,2022/23 Bowman's Best U Basketball Hobby Box,2022/23 Bowman's Best U Basketball Hobby,2022/23 bowman s best u basketball hobby
Bowman's Best,2024/25 Hobby Box,Basketball,2024/25,Hobby,2024/25 Bowman's Best Basketball Hobby Box,2024/25 Bowman's Best Basketball Hobby,2024/25 bowman s best basketball hobby
Bowman Sapphire,2024 Hobby Box,Baseball,2024,Hobby,2024 Bowman Sapphire Baseball Hobby Box,2024 Bowman Sapphire Baseball Hobby,2024 bowman sapphire baseball hobby
Bowman Sapphire,2023 Hobby Box,Baseball,2023,Hobby,2023 Bowman Sapphire Baseball Hobby Box,2023 Bowman Sapphire Baseball Hobby,2023 bowman sapphire baseball hobby
Bowman 1st Edition,2024 Hobby Box,Baseball,2024,Hobby,2024 Bowman 1st Edition Baseball Hobby Box,2024 Bowman 1st Edition Baseball Hobby,2024 bowman 1st edition baseball hobby
Bowman 1st Edition,2022 Hobby Box,Baseball,2022,Hobby,2022 Bowman 1st Edition Baseball Hobby Box,2022 Bowman 1st Edition Baseball Hobby,2022 bowman 1st edition baseball hobby
Bowman Chrome Mega,2023 Hobby Box,Baseball,2023,Hobby,2023 Bowman Chrome Mega Baseball Hobby Box,2023 Bowman Chrome Mega Baseball Hobby,2023 bowman chrome mega baseball hobby
Bowman Chrome Mega,2023 Mega Box,Baseball,2023,Mega,2023 Bowman Chrome Mega Baseball Mega Box,2023 Bowman Chrome Mega Baseball Mega,2023 bowman chrome mega baseball mega
Bowman Chrome Lite,2024 Mega Box,Baseball,2024,Mega,2024 Bowman Chrome Lite Baseball Mega Box,2024 Bowman Chrome Lite Baseball Mega,2024 bowman chrome lite baseball mega
Bowman Chrome,2021 Hobby Box,Baseball,2021,Hobby,2021 Bowman Chrome Baseball Hobby Box,2021 Bowman Chrome Baseball Hobby,2021 bowman chrome baseball hobby
Bowman Chrome,2022 Mega Box,Baseball,2022,Mega,2022 Bowman Chrome Baseball Mega Box,2022 Bowman Chrome Baseball Mega,2022 bowman chrome baseball mega
Bowman Chrome,2020 Hobby Box,Baseball,2020,Hobby,2020 Bowman Chrome Baseball Hobby Box,2020 Bowman Chrome Baseball Hobby,2020 bowman chrome baseball hobby
Bowman Chrome,2000 Hobby Box,Baseball,2000,Hobby,2000 Bowman Chrome Baseball Hobby Box,2000 Bowman Chrome Baseball Hobby,2000 bowman chrome baseball hobby
Bowman Chrome,1999 Hobby Box,Baseball,1999,Hobby,1999 Bowman Chrome Baseball Hobby Box,1999 Bowman Chrome Baseball Hobby,1999 bowman chrome baseball hobby
Bowman Chrome,2017 Hobby Box,Baseball,2017,Hobby,2017 Bowman Chrome Baseball Hobby Box,2017 Bowman Chrome Baseball Hobby,2017 bowman chrome baseball hobby
Bowman Chrome,2018 Hobby Box,Baseball,2018,Hobby,2018 Bowman Chrome Baseball Hobby Box,2018 Bowman Chrome Baseball Hobby,2018 bowman chrome baseball hobby
Bowman Chrome,2019 Hobby Box,Baseball,2019,Hobby,2019 Bowman Chrome Baseball Hobby Box,2019 Bowman Chrome Baseball Hobby,2019 bowman chrome baseball hobby
Bowman Chrome,2021 Hobby Box,Baseball,2021,Hobby,2021 Bowman Chrome Baseball Hobby Box,2021 Bowman Chrome Baseball Hobby,2021 bowman chrome baseball hobby
Bowman Chrome,2022 Hobby Box,Baseball,2022,Hobby,2022 Bowman Chrome Baseball Hobby Box,2022 Bowman Chrome Baseball Hobby,2022 bowman chrome baseball hobby
Bowman Chrome,2023 Hobby Box,Baseball,2023,Hobby,2023 Bowman Chrome Baseball Hobby Box,2023 Bowman Chrome Baseball Hobby,2023 bowman chrome baseball hobby
Bowman Chrome X,2024 Hobby Box,Baseball,2024,Hobby,2024 Bowman Chrome X Baseball Hobby Box,2024 Bowman Chrome X Baseball Hobby,2024 bowman chrome x baseball hobby
Bowman Chrome HTA,2022 Hobby Box,Baseball,2022,Hobby,2022 Bowman Chrome HTA Baseball Hobby Box,2022 Bowman Chrome HTA Baseball Hobby,2022 bowman chrome hta baseball hobby
Bowman Chrome HTA,2022 Hobby Box,Baseball,2022,Hobby,2022 Bowman Chrome HTA Baseball Hobby Box,2022 Bowman Chrome HTA Baseball Hobby,2022 bowman chrome hta baseball hobby
Bowman Chrome HTA,2021 Hobby Box,Baseball,2021,Hobby,2021 Bowman Chrome HTA Baseball Hobby Box,2021 Bowman Chrome HTA Baseball Hobby,2021 bowman chrome hta baseball hobby
Bowman Chrome HTA,2020 Hobby Box,Baseball,2020,Hobby,2020 Bowman Chrome HTA Baseball Hobby Box,2020 Bowman Chrome HTA Baseball Hobby,2020 bowman chrome hta baseball hobby
Bowman Chrome HTA,2019 Hobby Box,Baseball,2019,Hobby,2019 Bowman Chrome HTA Baseball Hobby Box,2019 Bowman Chrome HTA Baseball Hobby,2019 bowman chrome hta baseball hobby
Bowman Chrome Sapphire Edition,2023 Hobby Box,Baseball,2023,Hobby,2023 Bowman Chrome Sapphire Edition Baseball Hobby Box,2023 Bowman Chrome Sapphire Edition Baseball Hobby,2023 bowman chrome sapphire edition baseball hobby
Bowman Chrome Sapphire Edition,2022 Mega Box,Baseball,2022,Mega,2022 Bowman Chrome Sapphire Edition Baseball Mega Box,2022 Bowman Chrome Sapphire Edition Baseball Mega,2022 bowman chrome sapphire edition baseball mega
Bowman Draft 1st Edition,2023 Mega Box,Baseball,2023,Mega,2023 Bowman Draft 1st Edition Baseball Mega Box,2023 Bowman Draft 1st Edition Baseball Mega,2023 bowman draft 1st edition baseball mega
Bowman Draft Lite,2022 Hobby Box,Baseball,2022,Hobby,2022 Bowman Draft Lite Baseball Hobby Box,2022 Bowman Draft Lite Baseball Hobby,2022 bowman draft lite baseball hobby
Bowman Draft Jumbo,2022 Hobby Box,Baseball,2022,Hobby,2022 Bowman Draft Jumbo Baseball Hobby Box,2022 Bowman Draft Jumbo Baseball Hobby,2022 bowman draft jumbo baseball hobby
Bowman Draft Jumbo,2017 Hobby Box,Baseball,2017,Hobby,2017 Bowman Draft Jumbo Baseball Hobby Box,2017 Bowman Draft Jumbo Baseball Hobby,2017 bowman draft jumbo baseball hobby
Bowman Draft Jumbo,2018 Hobby Box,Baseball,2018,Hobby,2018 Bowman Draft Jumbo Baseball Hobby Box,2018 Bowman Draft Jumbo Baseball Hobby,2018 bowman draft jumbo baseball hobby
Bowman Draft Jumbo,2019 Hobby Box,Baseball,2019,Hobby,2019 Bowman Draft Jumbo Baseball Hobby Box,2019 Bowman Draft Jumbo Baseball Hobby,2019 bowman draft jumbo baseball hobby
Bowman Draft Jumbo,2022 Hobby Box,Baseball,2022,Hobby,2022 Bowman Draft Jumbo Baseball Hobby Box,2022 Bowman Draft Jumbo Baseball Hobby,2022 bowman draft jumbo baseball hobby
Bowman Draft Jumbo,2023 Hobby Box,Baseball,2023,Hobby,2023 Bowman Draft Jumbo Baseball Hobby Box,2023 Bowman Draft Jumbo Baseball Hobby,2023 bowman draft jumbo baseball hobby
Bowman Draft Picks,2024 Hobby Box,Baseball,2024,Hobby,2024 Bowman Draft Picks Baseball Hobby Box,2024 Bowman Draft Picks Baseball Hobby,2024 bowman draft picks baseball hobby
Bowman Draft Picks,2012 Hobby Box,Baseball,2012,Hobby,2012 Bowman Draft Picks Baseball Hobby Box,2012 Bowman Draft Picks Baseball Hobby,2012 bowman draft picks baseball hobby
Bowman Draft Picks,2013 Hobby Box,Baseball,2013,Hobby,2013 Bowman Draft Picks Baseball Hobby Box,2013 Bowman Draft Picks Baseball Hobby,2013 bowman draft picks baseball hobby
Bowman Draft Picks,2014 Hobby Box,Baseball,2014,Hobby,2014 Bowman Draft Picks Baseball Hobby Box,2014 Bowman Draft Picks Baseball Hobby,2014 bowman draft picks baseball hobby
Bowman Draft Picks,2015 Hobby Box,Baseball,2015,Hobby,2015 Bowman Draft Picks Baseball Hobby Box,2015 Bowman Draft Picks Baseball Hobby,2015 bowman draft picks baseball hobby
Bowman Draft Picks,2016 Hobby Box,Baseball,2016,Hobby,2016 Bowman Draft Picks Baseball Hobby Box,2016 Bowman Draft Picks Baseball Hobby,2016 bowman draft picks baseball hobby
Bowman Draft Sapphire Edition,2020 box,Baseball,2020,,2020 Bowman Draft Sapphire Edition Baseball,2020 Bowman Draft Sapphire Edition Baseball,2020 bowman draft sapphire edition baseball
Bowman Draft Super Jumbo,2018 Hobby Box,Baseball,2018,Hobby,2018 Bowman Draft Super Jumbo Baseball Hobby Box,2018 Bowman Draft Super Jumbo Baseball Hobby,2018 bowman draft super jumbo baseball hobby
Bowman Draft Super Jumbo,2019 Hobby Box,Baseball,2019,Hobby,2019 Bowman Draft Super Jumbo Baseball Hobby Box,2019 Bowman Draft Super Jumbo Baseball Hobby,2019 bowman draft super jumbo baseball hobby
Bowman Draft Super Jumbo,2022 Hobby Box,Baseball,2022,Hobby,2022 Bowman Draft Super Jumbo Baseball Hobby Box,2022 Bowman Draft Super Jumbo Baseball Hobby,2022 bowman draft super jumbo baseball hobby
Bowman Draft Super Jumbo,2023 Hobby Box,Baseball,2023,Hobby,2023 Bowman Draft Super Jumbo Baseball Hobby Box,2023 Bowman Draft Super Jumbo Baseball Hobby,2023 bowman draft super jumbo baseball hobby
Bowman High Tek,2018 Hobby Box,Baseball,2018,Hobby,2018 Bowman High Tek Baseball Hobby Box,2018 Bowman High Tek Baseball Hobby,2018 bowman high tek baseball hobby
Bowman Inception,2023 Hobby Box,Baseball,2023,Hobby,2023 Bowman Inception Baseball Hobby Box,2023 Bowman Inception Baseball Hobby,2023 bowman inception baseball hobby
Bowman Jumbo,2020 Hobby Box,Baseball,2020,Hobby,2020 Bowman Jumbo Baseball Hobby Box,2020 Bowman Jumbo Baseball Hobby,2020 bowman jumbo baseball hobby
Bowman Jumbo,2019 Hobby Box,Baseball,2019,Hobby,2019 Bowman Jumbo Baseball Hobby Box,2019 Bowman Jumbo Baseball Hobby,2019 bowman jumbo baseball hobby
Bowman Jumbo,2020 Hobby Box,Baseball,2020,Hobby,2020 Bowman Jumbo Baseball Hobby Box,2020 Bowman Jumbo Baseball Hobby,2020 bowman jumbo baseball hobby
Bowman Jumbo,2021 Hobby Box,Baseball,2021,Hobby,2021 Bowman Jumbo Baseball Hobby Box,2021 Bowman Jumbo Baseball Hobby,2021 bowman jumbo baseball hobby
Bowman Jumbo,2024 Hobby Box,Baseball,2024,Hobby,2024 Bowman Jumbo Baseball Hobby Box,2024 Bowman Jumbo Baseball Hobby,2024 bowman jumbo baseball hobby
Bowman Jumbo,2025 Hobby Box,Baseball,2025,Hobby,2025 Bowman Jumbo Baseball Hobby Box,2025 Bowman Jumbo Baseball Hobby,2025 bowman jumbo baseball hobby
Bowman Mega Box,2019 Blaster Box,Baseball,2019,Blaster,2019 Bowman Mega Box Baseball Blaster Box,2019 Bowman Mega Box Baseball Blaster,2019 bowman mega box baseball blaster
Bowman Platinum,2025 Value Box,Baseball,2025,Value,2025 Bowman Platinum Baseball Value Box,2025 Bowman Platinum Baseball Value,2025 bowman platinum baseball value
Bowman Platinum,2020 Blaster Box,Baseball,2020,Blaster,2020 Bowman Platinum Baseball Blaster Box,2020 Bowman Platinum Baseball Blaster,2020 bowman platinum baseball blaster
Bowman Platinum,2021 Blaster Box,Baseball,2021,Blaster,2021 Bowman Platinum Baseball Blaster Box,2021 Bowman Platinum Baseball Blaster,2021 bowman platinum baseball blaster
Bowman Sterling,2021 Hobby Box,Baseball,2021,Hobby,2021 Bowman Sterling Baseball Hobby Box,2021 Bowman Sterling Baseball Hobby,2021 bowman sterling baseball hobby
Bowman Sterling,2022 Hobby Box,Baseball,2022,Hobby,2022 Bowman Sterling Baseball Hobby Box,2022 Bowman Sterling Baseball Hobby,2022 bowman sterling baseball hobby
Bowman Sterling,2020 Hobby Box,Baseball,2020,Hobby,2020 Bowman Sterling Baseball Hobby Box,2020 Bowman Sterling Baseball Hobby,2020 bowman sterling baseball hobby
Bowman Sterling,2019 Hobby Box,Baseball,2019,Hobby,2019 Bowman Sterling Baseball Hobby Box,2019 Bowman Sterling Baseball Hobby,2019 bowman sterling baseball hobby
Bowman's Best,2024 Hobby Box,Baseball,2024,Hobby,2024 Bowman's Best Baseball Hobby Box,2024 Bowman's Best Baseball Hobby,2024 bowman s best baseball hobby
Bowman U,2020 Hobby Box,Baseball,2020,Hobby,2020 Bowman U Baseball Hobby Box,2020 Bowman U Baseball Hobby,2020 bowman u baseball hobby
Bowman U,2022 Hobby Box,Football,2022,Hobby,2022 Bowman U Football Hobby Box,2022 Bowman U Football Hobby,2022 bowman u football hobby
Bowman U,2023 Hobby Box,Football,2023,Hobby,2023 Bowman U Football Hobby Box,2023 Bowman U Football Hobby,2023 bowman u football hobby
Bowman U HTA,2023 Hobby Box,Football,2023,Hobby,2023 Bowman U HTA Football Hobby Box,2023 Bowman U HTA Football Hobby,2023 bowman u hta football hobby
Traded,1989 Set,Baseball,1989,Set,1989 Traded Baseball Set Box,1989 Traded Baseball Set,1989 traded baseball set
Lorcana Disney Chapter 1,2023 Packs,Disney Cards,2023,Pack,2023 Lorcana Disney Chapter 1 Disney Cards Pack Box,2023 Lorcana Disney Chapter 1 Disney Cards Pack,2023 lorcana disney chapter 1 disney cards pack
Lorcana Disney Chapter 1,2023 80%,Disney Cards,2023,,2023 Lorcana Disney Chapter 1 Disney Cards,2023 Lorcana Disney Chapter 1 Disney Cards,2023 lorcana disney chapter 1 disney cards
Disney Rise of the Floodbarn,2023 Packs,Disney Cards,2023,Pack,2023 Disney Rise of the Floodbarn Disney Cards Pack Box,2023 Disney Rise of the Floodbarn Disney Cards Pack,2023 disney rise of the floodbarn disney cards pack
Lorcana Into the Inklands,2024 Starter Deck,Disney Cards,2024,Starter Deck,2024 Lorcana Into the Inklands Disney Cards Starter Deck Box,2024 Lorcana Into the Inklands Disney Cards Starter Deck,2024 lorcana into the inklands disney cards starter deck
Contenders Draft Picks,2020 Hobby Box,Football,2020,Hobby,2020 Contenders Draft Picks Football Hobby Box,2020 Contenders Draft Picks Football Hobby,2020 contenders draft picks football hobby
Absolute,2019 Hanger Box,Football,2019,Hanger,2019 Absolute Football Hanger Box,2019 Absolute Football Hanger,2019 absolute football hanger
Absolute Memorabilia,2020 Retail Tall Box,Basketball,2020,Retail,2020 Absolute Memorabilia Basketball Retail Box,2020 Absolute Memorabilia Basketball Retail,2020 absolute memorabilia basketball retail
Absolute Memorabilia,2021 Retail Tall Box,Football,2021,Retail,2021 Absolute Memorabilia Football Retail Box,2021 Absolute Memorabilia Football Retail,2021 absolute memorabilia football retail
Panini Certified,2022 Retail Tall Box,Football,2022,Retail,2022 Panini Certified Football Retail Box,2022 Panini Certified Football Retail,2022 panini certified football retail
Panini Contenders,2022 Retail Tall Box,Basketball,2022,Retail,2022 Panini Contenders Basketball Retail Box,2022 Panini Contenders Basketball Retail,2022 panini contenders basketball retail
Panini Illusions,2022 Retail Tall Box,Basketball,2022,Retail,2022 Panini Illusions Basketball Retail Box,2022 Panini Illusions Basketball Retail,2022 panini illusions basketball retail
Panini Certified,2020-21 Hobby Box,Basketball,2020-21,Hobby,2020-21 Panini Certified Basketball Hobby Box,2020-21 Panini Certified Basketball Hobby,2020 21 panini certified basketball hobby
Panini Chronicles,2022 Hobby Box,Football,2022,Hobby,2022 Panini Chronicles Football Hobby Box,2022 Panini Chronicles Football Hobby,2022 panini chronicles football hobby
Panini Chronicles,2017 Blaster Box,Baseball,2017,Blaster,2017 Panini Chronicles Baseball Blaster Box,2017 Panini Chronicles Baseball Blaster,2017 panini chronicles baseball blaster
Panini Chronicles,2020 Hobby Box,Basketball,2020,Hobby,2020 Panini Chronicles Basketball Hobby Box,2020 Panini Chronicles Basketball Hobby,2020 panini chronicles basketball hobby
Panini Chronicles,2020-21 Hobby Box,Basketball,2020-21,Hobby,2020-21 Panini Chronicles Basketball Hobby Box,2020-21 Panini Chronicles Basketball Hobby,2020 21 panini chronicles basketball hobby
Panini Chronicles,2021 Blaster Box,UFC,2021,Blaster,2021 Panini Chronicles UFC Blaster Box,2021 Panini Chronicles UFC Blaster,2021 panini chronicles ufc blaster
Panini Chronicles,2020-21 Hanger Box,Football,2020-21,Hanger,2020-21 Panini Chronicles Football Hanger Box,2020-21 Panini Chronicles Football Hanger,2020 21 panini chronicles football hanger
Panini Chronicles,2020-21 Hanger Box,Basketball,2020-21,Hanger,2020-21 Panini Chronicles Basketball Hanger Box,2020-21 Panini Chronicles Basketball Hanger,2020 21 panini chronicles basketball hanger
Panini Chronicles,2020-21 Blaster Box,Basketball,2020-21,Blaster,2020-21 Panini Chronicles Basketball Blaster Box,2020-21 Panini Chronicles Basketball Blaster,2020 21 panini chronicles basketball blaster
Panini Chronicles Draft Picks,2021 Hobby Box,Basketball,2021,Hobby,2021 Panini Chronicles Draft Picks Basketball Hobby Box,2021 Panini Chronicles Draft Picks Basketball Hobby,2021 panini chronicles draft picks basketball hobby
Panini Chronicles Draft Picks,2021 Hobby Box,Football,2021,Hobby,2021 Panini Chronicles Draft Picks Football Hobby Box,2021 Panini Chronicles Draft Picks Football Hobby,2021 panini chronicles draft picks football hobby
Panini Chronicles Draft Picks,2021 Hobby Box,Basketball,2021,Hobby,2021 Panini Chronicles Draft Picks Basketball Hobby Box,2021 Panini Chronicles Draft Picks Basketball Hobby,2021 panini chronicles draft picks basketball hobby
Panini Clearly Donruss,2021 Jumbo Packs,Football,2021,Jumbo,2021 Panini Clearly Donruss Football Jumbo Box,2021 Panini Clearly Donruss Football Jumbo,2021 panini clearly donruss football jumbo
Panini Contenders,2020/21 Hobby Box,Football,2020/21,Hobby,2020/21 Panini Contenders Football Hobby Box,2020/21 Panini Contenders Football Hobby,2020/21 panini contenders football hobby
Panini Contenders,2020 Hobby Box,Basketball,2020,Hobby,2020 Panini Contenders Basketball Hobby Box,2020 Panini Contenders Basketball Hobby,2020 panini contenders basketball hobby
Panini Contenders,2022 Hobby Box,Football,2022,Hobby,2022 Panini Contenders Football Hobby Box,2022 Panini Contenders Football Hobby,2022 panini contenders football hobby
Panini Contenders,2023 Hobby Box,Football,2023,Hobby,2023 Panini Contenders Football Hobby Box,2023 Panini Contenders Football Hobby,2023 panini contenders football hobby
Panini Contenders Draft Picks,2020 Hobby Box,Basketball,2020,Hobby,2020 Panini Contenders Draft Picks Basketball Hobby Box,2020 Panini Contenders Draft Picks Basketball Hobby,2020 panini contenders draft picks basketball hobby
Panini Contenders,2021-22 Blaster Box,Basketball,2021-22,Blaster,2021-22 Panini Contenders Basketball Blaster Box,2021-22 Panini Contenders Basketball Blaster,2021 22 panini contenders basketball blaster
Panini Court Kings,2020-21 Blaster Box,Basketball,2020-21,Blaster,2020-21 Panini Court Kings Basketball Blaster Box,2020-21 Panini Court Kings Basketball Blaster,2020 21 panini court kings basketball blaster
Panini Donruss,2022 Packs,Football,2022,Pack,2022 Panini Donruss Football Pack Box,2022 Panini Donruss Football Pack,2022 panini donruss football pack
Panini Donruss,2020-21 Hobby Box,Football,2020-21,Hobby,2020-21 Panini Donruss Football Hobby Box,2020-21 Panini Donruss Football Hobby,2020 21 panini donruss football hobby
Panini Donruss,2021 Blaster Box,Basketball,2021,Blaster,2021 Panini Donruss Basketball Blaster Box,2021 Panini Donruss Basketball Blaster,2021 panini donruss basketball blaster
Panini Donruss,2021-22 Value Pack,Baseball,2021-22,Value,2021-22 Panini Donruss Baseball Value Box,2021-22 Panini Donruss Baseball Value,2021 22 panini donruss baseball value
Panini Donruss,2021 Blaster Box,Soccer,2021,Blaster,2021 Panini Donruss Soccer Blaster Box,2021 Panini Donruss Soccer Blaster,2021 panini donruss soccer blaster
Panini Donruss,2021-22 Blaster Box,Football,2021-22,Blaster,2021-22 Panini Donruss Football Blaster Box,2021-22 Panini Donruss Football Blaster,2021 22 panini donruss football blaster
Panini Donruss,2022 Packs,Basketball,2022,Pack,2022 Panini Donruss Basketball Pack Box,2022 Panini Donruss Basketball Pack,2022 panini donruss basketball pack
Panini Donruss Gravity,2023 Blaster Box,Football,2023,Blaster,2023 Panini Donruss Gravity Football Blaster Box,2023 Panini Donruss Gravity Football Blaster,2023 panini donruss gravity football blaster
Panini Donruss Elite,2023 Mega Box,Football,2023,Mega,2023 Panini Donruss Elite Football Mega Box,2023 Panini Donruss Elite Football Mega,2023 panini donruss elite football mega
Panini Donruss Set (Silver Pack),2023 Gravity Box,Football,2023,Gravity,2023 Panini Donruss Set (Silver Pack) Football Gravity Box,2023 Panini Donruss Set (Silver Pack) Football Gravity,2023 panini donruss set silver pack football gravity
Panini Elite,2021 Factory Set,Football,2021,Factory Set,2021 Panini Elite Football Factory Set Box,2021 Panini Elite Football Factory Set,2021 panini elite football factory set
Panini Elite,2021 Blaster Box,Football,2021,Blaster,2021 Panini Elite Football Blaster Box,2021 Panini Elite Football Blaster,2021 panini elite football blaster
Panini Elite,2021 Jumbo Pack,Football,2021,Jumbo,2021 Panini Elite Football Jumbo Box,2021 Panini Elite Football Jumbo,2021 panini elite football jumbo
Panini Flux,2021-22 Hobby Box,Basketball,2021-22,Hobby,2021-22 Panini Flux Basketball Hobby Box,2021-22 Panini Flux Basketball Hobby,2021 22 panini flux basketball hobby
Panini Flux,2020-21 Blaster Box,Basketball,2020-21,Blaster,2020-21 Panini Flux Basketball Blaster Box,2020-21 Panini Flux Basketball Blaster,2020 21 panini flux basketball blaster
Panini Illusions,2020-21 Mega Box,Basketball,2020-21,Mega,2020-21 Panini Illusions Basketball Mega Box,2020-21 Panini Illusions Basketball Mega,2020 21 panini illusions basketball mega
Panini Illusions,Value Pack,Football,,Value,Panini Illusions Football Value Box,Panini Illusions Football Value,panini illusions football value
Panini Illusions,2020 Hobby Box,Basketball,2020,Hobby,2020 Panini Illusions Basketball Hobby Box,2020 Panini Illusions Basketball Hobby,2020 panini illusions basketball hobby
Panini Illusions,2021 Blaster Box,Football,2021,Blaster,2021 Panini Illusions Football Blaster Box,2021 Panini Illusions Football Blaster,2021 panini illusions football blaster
Panini Illusions,2020-21 Value Pack,Basketball,2020-21,Value,2020-21 Panini Illusions Basketball Value Box,2020-21 Panini Illusions Basketball Value,2020 21 panini illusions basketball value
Panini Illusions,2021 Mega Box,Basketball,2021,Mega,2021 Panini Illusions Basketball Mega Box,2021 Panini Illusions Basketball Mega,2021 panini illusions basketball mega
Panini Illusions,2020-21 Mega Box,Football,2020-21,Mega,2020-21 Panini Illusions Football Mega Box,2020-21 Panini Illusions Football Mega,2020 21 panini illusions football mega
Panini Kid's Crate - Series 1,2022 Blaster Box,Basketball,2022,Blaster,2022 Panini Kid's Crate - Series 1 Basketball Blaster Box,2022 Panini Kid's Crate - Series 1 Basketball Blaster,2022 panini kid s crate series 1 basketball blaster
Panini Kid's Crate - Series 3,2021 Box,Various,2021,,2021 Panini Kid's Crate - Series 3 Various,2021 Panini Kid's Crate - Series 3 Various,2021 panini kid s crate series 3 various
Panini Limited,2021 Box,Various,2021,,2021 Panini Limited Various,2021 Panini Limited Various,2021 panini limited various
Panini Luminance,2022 Hobby Box,Football,2022,Hobby,2022 Panini Luminance Football Hobby Box,2022 Panini Luminance Football Hobby,2022 panini luminance football hobby
Panini Luminance,2021 Hobby Box,Football,2021,Hobby,2021 Panini Luminance Football Hobby Box,2021 Panini Luminance Football Hobby,2021 panini luminance football hobby
Panini Luminance,2023 Hobby Box,Football,2023,Hobby,2023 Panini Luminance Football Hobby Box,2023 Panini Luminance Football Hobby,2023 panini luminance football hobby
Panini Mosaic,2024 Hobby Box,Football,2024,Hobby,2024 Panini Mosaic Football Hobby Box,2024 Panini Mosaic Football Hobby,2024 panini mosaic football hobby
Panini Mosaic,2019-20 Blaster Box,Basketball,2019-20,Blaster,2019-20 Panini Mosaic Basketball Blaster Box,2019-20 Panini Mosaic Basketball Blaster,2019 20 panini mosaic basketball blaster
Panini Mosaic,2021 Hobby Box-H2,Soccer,2021,Hobby,2021 Panini Mosaic Soccer Hobby Box,2021 Panini Mosaic Soccer Hobby,2021 panini mosaic soccer hobby
Panini Mosaic,2021 Hobby Box,Soccer,2021,Hobby,2021 Panini Mosaic Soccer Hobby Box,2021 Panini Mosaic Soccer Hobby,2021 panini mosaic soccer hobby
Panini Mosaic,2020-21 Hanger Box,Basketball,2020-21,Hanger,2020-21 Panini Mosaic Basketball Hanger Box,2020-21 Panini Mosaic Basketball Hanger,2020 21 panini mosaic basketball hanger
Panini Mosaic,2020-21 Mega Box,Basketball,2020-21,Mega,2020-21 Panini Mosaic Basketball Mega Box,2020-21 Panini Mosaic Basketball Mega,2020 21 panini mosaic basketball mega
Panini Mosaic,2023 Blaster Box,Football,2023,Blaster,2023 Panini Mosaic Football Blaster Box,2023 Panini Mosaic Football Blaster,2023 panini mosaic football blaster
Panini Mosaic,2023-24 Hobby Box,Basketball,2023-24,Hobby,2023-24 Panini Mosaic Basketball Hobby Box,2023-24 Panini Mosaic Basketball Hobby,2023 24 panini mosaic basketball hobby
Panini NBA Hoops,2020-21 Hobby Box,Basketball,2020-21,Hobby,2020-21 Panini NBA Hoops Basketball Hobby Box,2020-21 Panini NBA Hoops Basketball Hobby,2020 21 panini nba hoops basketball hobby
Panini Obsidian,2020-21 Hobby Box,Soccer,2020-21,Hobby,2020-21 Panini Obsidian Soccer Hobby Box,2020-21 Panini Obsidian Soccer Hobby,2020 21 panini obsidian soccer hobby
Panini One,2022-23 Hobby Box,Soccer,2022-23,Hobby,2022-23 Panini One Soccer Hobby Box,2022-23 Panini One Soccer Hobby,2022 23 panini one soccer hobby
Panini Optic,2023 Hobby Box,Football,2023,Hobby,2023 Panini Optic Football Hobby Box,2023 Panini Optic Football Hobby,2023 panini optic football hobby
Panini Optic,2021 Retail Box,Football,2021,Retail,2021 Panini Optic Football Retail Box,2021 Panini Optic Football Retail,2021 panini optic football retail
Panini Optic,2023 Hobby Box H2,Football,2023,Hobby,2023 Panini Optic Football Hobby Box,2023 Panini Optic Football Hobby,2023 panini optic football hobby
Panini Origins,2020-21 Hanger Box,Basketball,2020-21,Hanger,2020-21 Panini Origins Basketball Hanger Box,2020-21 Panini Origins Basketball Hanger,2020 21 panini origins basketball hanger
Panini Phoenix,Hobby Box,Basketball,,Hobby,Panini Phoenix Basketball Hobby Box,Panini Phoenix Basketball Hobby,panini phoenix basketball hobby
Panini Playbook,2023 Hobby Box,Football,2023,Hobby,2023 Panini Playbook Football Hobby Box,2023 Panini Playbook Football Hobby,2023 panini playbook football hobby
Panini Playbook,2020 Hobby Box,Football,2020,Hobby,2020 Panini Playbook Football Hobby Box,2020 Panini Playbook Football Hobby,2020 panini playbook football hobby
Panini Playbook,2020 Blaster Box,Football,2020,Blaster,2020 Panini Playbook Football Blaster Box,2020 Panini Playbook Football Blaster,2020 panini playbook football blaster
Panini Playbook,2021 Mega Box,Football,2021,Mega,2021 Panini Playbook Football Mega Box,2021 Panini Playbook Football Mega,2021 panini playbook football mega
Panini Playoff,2019 Hanger Box,Football,2019,Hanger,2019 Panini Playoff Football Hanger Box,2019 Panini Playoff Football Hanger,2019 panini playoff football hanger
Panini Prestige,2019 Blaster Box,Football,2019,Blaster,2019 Panini Prestige Football Blaster Box,2019 Panini Prestige Football Blaster,2019 panini prestige football blaster
Panini Prestige,2021 Hobby Box H2,Football,2021,Hobby,2021 Panini Prestige Football Hobby Box,2021 Panini Prestige Football Hobby,2021 panini prestige football hobby
Panini Prizm Draft Picks,2021 Blaster Box,Football,2021,Blaster,2021 Panini Prizm Draft Picks Football Blaster Box,2021 Panini Prizm Draft Picks Football Blaster,2021 panini prizm draft picks football blaster
Panini Prizm Premier League,2020-21 Mega Box,Soccer,2020-21,Mega,2020-21 Panini Prizm Premier League Soccer Mega Box,2020-21 Panini Prizm Premier League Soccer Mega,2020 21 panini prizm premier league soccer mega
Panini Prizm,2020-21 Blaster Box,Basketball,2020-21,Blaster,2020-21 Panini Prizm Basketball Blaster Box,2020-21 Panini Prizm Basketball Blaster,2020 21 panini prizm basketball blaster
Panini Prizm,2020 Blaster Box,Basketball,2020,Blaster,2020 Panini Prizm Basketball Blaster Box,2020 Panini Prizm Basketball Blaster,2020 panini prizm basketball blaster
Panini Prizm,2020 Hanger Box,Basketball,2020,Hanger,2020 Panini Prizm Basketball Hanger Box,2020 Panini Prizm Basketball Hanger,2020 panini prizm basketball hanger
Panini Prizm,2020 Hobby Box,Basketball,2020,Hobby,2020 Panini Prizm Basketball Hobby Box,2020 Panini Prizm Basketball Hobby,2020 panini prizm basketball hobby
Panini Prizm,2020 Hobby Box,Football,2020,Hobby,2020 Panini Prizm Football Hobby Box,2020 Panini Prizm Football Hobby,2020 panini prizm football hobby
Panini Prizm,2020 Blaster Box,Football,2020,Blaster,2020 Panini Prizm Football Blaster Box,2020 Panini Prizm Football Blaster,2020 panini prizm football blaster
Panini Prizm,2021 Hobby Box-H2,Football,2021,Hobby,2021 Panini Prizm Football Hobby Box,2021 Panini Prizm Football Hobby,2021 panini prizm football hobby
Panini Prizm,2022 Blaster Box,Football,2022,Blaster,2022 Panini Prizm Football Blaster Box,2022 Panini Prizm Football Blaster,2022 panini prizm football blaster
Panini Prizm,2023 Blaster Box,Football,2023,Blaster,2023 Panini Prizm Football Blaster Box,2023 Panini Prizm Football Blaster,2023 panini prizm football blaster
Panini Prizm,2023 Hobby Box,Football,2023,Hobby,2023 Panini Prizm Football Hobby Box,2023 Panini Prizm Football Hobby,2023 panini prizm football hobby
Panini Prizm,2024 Hobby Box,Football,2024,Hobby,2024 Panini Prizm Football Hobby Box,2024 Panini Prizm Football Hobby,2024 panini prizm football hobby
Panini Prizm,2023-24 Hobby Box,Basketball,2023-24,Hobby,2023-24 Panini Prizm Basketball Hobby Box,2023-24 Panini Prizm Basketball Hobby,2023 24 panini prizm basketball hobby
Panini Prizm,2024 Blaster Box,Football,2024,Blaster,2024 Panini Prizm Football Blaster Box,2024 Panini Prizm Football Blaster,2024 panini prizm football blaster
Panini Prizm Premier League Hybrid,2020-21 box,Soccer,2020-21,,2020-21 Panini Prizm Premier League Hybrid Soccer,2020-21 Panini Prizm Premier League Hybrid Soccer,2020 21 panini prizm premier league hybrid soccer
Panini Revolution,2020-21 Hobby Box,Basketball,2020-21,Hobby,2020-21 Panini Revolution Basketball Hobby Box,2020-21 Panini Revolution Basketball Hobby,2020 21 panini revolution basketball hobby
Panini Select,2020-21 Blaster Box,Basketball,2020-21,Blaster,2020-21 Panini Select Basketball Blaster Box,2020-21 Panini Select Basketball Blaster,2020 21 panini select basketball blaster
Panini Select,2022 Hobby Box,Football,2022,Hobby,2022 Panini Select Football Hobby Box,2022 Panini Select Football Hobby,2022 panini select football hobby
Panini Select,2023-24 Blaster Box,Basketball,2023-24,Blaster,2023-24 Panini Select Basketball Blaster Box,2023-24 Panini Select Basketball Blaster,2023 24 panini select basketball blaster
Panini Score,2019 Hanger Box,Football,2019,Hanger,2019 Panini Score Football Hanger Box,2019 Panini Score Football Hanger,2019 panini score football hanger
Panini Score,2021 Jumbo Pack,Football,2021,Jumbo,2021 Panini Score Football Jumbo Box,2021 Panini Score Football Jumbo,2021 panini score football jumbo
Pokemon Scarlet & Violet 151 Japanese,2024 Booster Box,Pokemon,2024,,2024 Pokemon Scarlet & Violet 151 Japanese Pokemon,2024 Pokemon Scarlet & Violet 151 Japanese Pokemon,2024 pokemon scarlet violet 151 japanese pokemon
Topps Chrome Jumbo,2020 Hobby Box,Baseball,2020,Hobby,2020 Topps Chrome Jumbo Baseball Hobby Box,2020 Topps Chrome Jumbo Baseball Hobby,2020 topps chrome jumbo baseball hobby
Topps Chrome Jumbo,2016 Hobby Box,Baseball,2016,Hobby,2016 Topps Chrome Jumbo Baseball Hobby Box,2016 Topps Chrome Jumbo Baseball Hobby,2016 topps chrome jumbo baseball hobby
Topps Chrome Jumbo,2019 Hobby Box,Baseball,2019,Hobby,2019 Topps Chrome Jumbo Baseball Hobby Box,2019 Topps Chrome Jumbo Baseball Hobby,2019 topps chrome jumbo baseball hobby
Topps Chrome Update,2021 Hobby Box,Baseball,2021,Hobby,2021 Topps Chrome Update Baseball Hobby Box,2021 Topps Chrome Update Baseball Hobby,2021 topps chrome update baseball hobby
Topps Chrome Update,2020 Blaster Box,Baseball,2020,Blaster,2020 Topps Chrome Update Baseball Blaster Box,2020 Topps Chrome Update Baseball Blaster,2020 topps chrome update baseball blaster
Topps Chrome Update,2022 Hobby Box,Baseball,2022,Hobby,2022 Topps Chrome Update Baseball Hobby Box,2022 Topps Chrome Update Baseball Hobby,2022 topps chrome update baseball hobby
Topps Chrome Update Jumbo,2023 Breakers Delight Box,Baseball,2023,Breakers Delight,2023 Topps Chrome Update Jumbo Baseball Breakers Delight Box,2023 Topps Chrome Update Jumbo Baseball Breakers Delight,2023 topps chrome update jumbo baseball breakers delight
Topps Chrome Update,2024 Hobby Box,Baseball,2024,Hobby,2024 Topps Chrome Update Baseball Hobby Box,2024 Topps Chrome Update Baseball Hobby,2024 topps chrome update baseball hobby
Topps Chrome Update,2024 Mega Box,Baseball,2024,Mega,2024 Topps Chrome Update Baseball Mega Box,2024 Topps Chrome Update Baseball Mega,2024 topps chrome update baseball mega
Topps Chrome Sapphire,2021 Mega Box,Baseball,2021,Mega,2021 Topps Chrome Sapphire Baseball Mega Box,2021 Topps Chrome Sapphire Baseball Mega,2021 topps chrome sapphire baseball mega
Topps Chrome Sapphire,2022 Mega Box,Baseball,2022,Mega,2022 Topps Chrome Sapphire Baseball Mega Box,2022 Topps Chrome Sapphire Baseball Mega,2022 topps chrome sapphire baseball mega
Topps Chrome Sapphire,2021 Mega Box,Tennis,2021,Mega,2021 Topps Chrome Sapphire Tennis Mega Box,2021 Topps Chrome Sapphire Tennis Mega,2021 topps chrome sapphire tennis mega
Topps Chrome Sapphire,2023 Mega Box,Baseball,2023,Mega,2023 Topps Chrome Sapphire Baseball Mega Box,2023 Topps Chrome Sapphire Baseball Mega,2023 topps chrome sapphire baseball mega
Topps Chrome Sapphire,2023 Mega Box,Soccer,2023,Mega,2023 Topps Chrome Sapphire Soccer Mega Box,2023 Topps Chrome Sapphire Soccer Mega,2023 topps chrome sapphire soccer mega
Topps Chrome Sapphire,2024 Mega Box,Baseball,2024,Mega,2024 Topps Chrome Sapphire Baseball Mega Box,2024 Topps Chrome Sapphire Baseball Mega,2024 topps chrome sapphire baseball mega
Topps Chrome Sapphire Update Series,2021 Mega Box,Baseball,2021,Mega,2021 Topps Chrome Sapphire Update Series Baseball Mega Box,2021 Topps Chrome Sapphire Update Series Baseball Mega,2021 topps chrome sapphire update series baseball mega
Topps Chrome Sapphire Update Series,2023 Mega Box,Baseball,2023,Mega,2023 Topps Chrome Sapphire Update Series Baseball Mega Box,2023 Topps Chrome Sapphire Update Series Baseball Mega,2023 topps chrome sapphire update series baseball mega
Topps Chrome Sapphire Update Series,2024 Mega Box,Baseball,2024,Mega,2024 Topps Chrome Sapphire Update Series Baseball Mega Box,2024 Topps Chrome Sapphire Update Series Baseball Mega,2024 topps chrome sapphire update series baseball mega
Topps Chrome Platinum Anniversary,Mega Box,Baseball,,Mega,Topps Chrome Platinum Anniversary Baseball Mega Box,Topps Chrome Platinum Anniversary Baseball Mega,topps chrome platinum anniversary baseball mega
Topps Clearly Authentic,2022 Hobby Box,Baseball,2022,Hobby,2022 Topps Clearly Authentic Baseball Hobby Box,2022 Topps Clearly Authentic Baseball Hobby,2022 topps clearly authentic baseball hobby
Topps Clearly Authentic,2021 Hobby Box,Baseball,2021,Hobby,2021 Topps Clearly Authentic Baseball Hobby Box,2021 Topps Clearly Authentic Baseball Hobby,2021 topps clearly authentic baseball hobby
Topps Clearly Authentic,2020 Hobby Box,Baseball,2020,Hobby,2020 Topps Clearly Authentic Baseball Hobby Box,2020 Topps Clearly Authentic Baseball Hobby,2020 topps clearly authentic baseball hobby
Topps Clearly Authentic,2019 Hobby Box,Baseball,2019,Hobby,2019 Topps Clearly Authentic Baseball Hobby Box,2019 Topps Clearly Authentic Baseball Hobby,2019 topps clearly authentic baseball hobby
Topps Composite,2022 Hobby Box,Baseball,2022,Hobby,2022 Topps Composite Baseball Hobby Box,2022 Topps Composite Baseball Hobby,2022 topps composite baseball hobby
Topps Finest,2023 Hobby Box,Football,2023,Hobby,2023 Topps Finest Football Hobby Box,2023 Topps Finest Football Hobby,2023 topps finest football hobby
Topps Finest,2020 Hobby Box,Baseball,2020,Hobby,2020 Topps Finest Baseball Hobby Box,2020 Topps Finest Baseball Hobby,2020 topps finest baseball hobby
Topps Finest,2018 Hobby Box,Baseball,2018,Hobby,2018 Topps Finest Baseball Hobby Box,2018 Topps Finest Baseball Hobby,2018 topps finest baseball hobby
Topps Finest,2019 Hobby Box,Baseball,2019,Hobby,2019 Topps Finest Baseball Hobby Box,2019 Topps Finest Baseball Hobby,2019 topps finest baseball hobby
Topps Finest,2021 Hobby Box,Baseball,2021,Hobby,2021 Topps Finest Baseball Hobby Box,2021 Topps Finest Baseball Hobby,2021 topps finest baseball hobby
Topps Finest,2021 Hobby Box,Soccer,2021,Hobby,2021 Topps Finest Soccer Hobby Box,2021 Topps Finest Soccer Hobby,2021 topps finest soccer hobby
Topps Finest,2021 Hobby Box,Basketball,2021,Hobby,2021 Topps Finest Basketball Hobby Box,2021 Topps Finest Basketball Hobby,2021 topps finest basketball hobby
Topps Finest,2022/23 Hobby Box,Baseball,2022/23,Hobby,2022/23 Topps Finest Baseball Hobby Box,2022/23 Topps Finest Baseball Hobby,2022/23 topps finest baseball hobby
Topps Finest,2023 Hobby Box,Baseball,2023,Hobby,2023 Topps Finest Baseball Hobby Box,2023 Topps Finest Baseball Hobby,2023 topps finest baseball hobby
Topps Finest,2023/24 Hobby Box,Soccer,2023/24,Hobby,2023/24 Topps Finest Soccer Hobby Box,2023/24 Topps Finest Soccer Hobby,2023/24 topps finest soccer hobby
Topps Finest,2024 Hobby Box,Baseball,2024,Hobby,2024 Topps Finest Baseball Hobby Box,2024 Topps Finest Baseball Hobby,2024 topps finest baseball hobby
Topps Finest,2024 Hobby Box,Basketball,2024,Hobby,2024 Topps Finest Basketball Hobby Box,2024 Topps Finest Basketball Hobby,2024 topps finest basketball hobby
Topps Finest Flashbacks,2024 Hobby Box,Football,2024,Hobby,2024 Topps Finest Flashbacks Football Hobby Box,2024 Topps Finest Flashbacks Football Hobby,2024 topps finest flashbacks football hobby
Topps Formula 1,2023 Hobby Box,Formula 1,2023,Hobby,2023 Topps Formula 1 Formula 1 Hobby Box,2023 Topps Formula 1 Formula 1 Hobby,2023 topps formula 1 formula 1 hobby
Topps Gallery,2021 Hobby Box,Baseball,2021,Hobby,2021 Topps Gallery Baseball Hobby Box,2021 Topps Gallery Baseball Hobby,2021 topps gallery baseball hobby
Topps Garbage Pail Kids,Mega Box,Comics,,Mega,Topps Garbage Pail Kids Comics Mega Box,Topps Garbage Pail Kids Comics Mega,topps garbage pail kids comics mega
Topps Genesis - Sold,2021 Box,Comics,2021,,2021 Topps Genesis - Sold Comics,2021 Topps Genesis - Sold Comics,2021 topps genesis sold comics
Topps Gold Label,1986 Box,Baseball,1986,,1986 Topps Gold Label Baseball,1986 Topps Gold Label Baseball,1986 topps gold label baseball
Topps Gold Label,2025 Hobby Box,Baseball,2025,Hobby,2025 Topps Gold Label Baseball Hobby Box,2025 Topps Gold Label Baseball Hobby,2025 topps gold label baseball hobby
Topps Gypsy Queen,2018 Hobby Box,Baseball,2018,Hobby,2018 Topps Gypsy Queen Baseball Hobby Box,2018 Topps Gypsy Queen Baseball Hobby,2018 topps gypsy queen baseball hobby
Topps Heritage,2020 Blaster Box,Baseball,2020,Blaster,2020 Topps Heritage Baseball Blaster Box,2020 Topps Heritage Baseball Blaster,2020 topps heritage baseball blaster
Topps Heritage,2020 Blaster Box,Baseball,2020,Blaster,2020 Topps Heritage Baseball Blaster Box,2020 Topps Heritage Baseball Blaster,2020 topps heritage baseball blaster
Topps Heritage,2021 Blaster Box,Baseball,2021,Blaster,2021 Topps Heritage Baseball Blaster Box,2021 Topps Heritage Baseball Blaster,2021 topps heritage baseball blaster
Topps Heritage,2021 Mega Box,Baseball,2021,Mega,2021 Topps Heritage Baseball Mega Box,2021 Topps Heritage Baseball Mega,2021 topps heritage baseball mega
Topps Heritage,Target Box 2021,Baseball,2021,,2021 Topps Heritage Baseball,2021 Topps Heritage Baseball,2021 topps heritage baseball
Topps Heritage,2018 Hobby Box,Baseball,2018,Hobby,2018 Topps Heritage Baseball Hobby Box,2018 Topps Heritage Baseball Hobby,2018 topps heritage baseball hobby
Topps Heritage,2020 Hobby Box,Baseball,2020,Hobby,2020 Topps Heritage Baseball Hobby Box,2020 Topps Heritage Baseball Hobby,2020 topps heritage baseball hobby
Topps Heritage,2019 Blaster Box,Baseball,2019,Blaster,2019 Topps Heritage Baseball Blaster Box,2019 Topps Heritage Baseball Blaster,2019 topps heritage baseball blaster
Topps Heritage High Number,2013 Hobby Box,Baseball,2013,Hobby,2013 Topps Heritage High Number Baseball Hobby Box,2013 Topps Heritage High Number Baseball Hobby,2013 topps heritage high number baseball hobby
Topps Heritage High Number,Hobby Box,Baseball,,Hobby,Topps Heritage High Number Baseball Hobby Box,Topps Heritage High Number Baseball Hobby,topps heritage high number baseball hobby
Topps Heritage High Number,2017 Hobby Box,Baseball,2017,Hobby,2017 Topps Heritage High Number Baseball Hobby Box,2017 Topps Heritage High Number Baseball Hobby,2017 topps heritage high number baseball hobby
Topps Heritage High Number,2019 Hobby Box,Baseball,2019,Hobby,2019 Topps Heritage High Number Baseball Hobby Box,2019 Topps Heritage High Number Baseball Hobby,2019 topps heritage high number baseball hobby
Topps Heritage High Number,2020 Hobby Box,Baseball,2020,Hobby,2020 Topps Heritage High Number Baseball Hobby Box,2020 Topps Heritage High Number Baseball Hobby,2020 topps heritage high number baseball hobby
Topps Heritage Minor League,2022 Hobby Box,Baseball,2022,Hobby,2022 Topps Heritage Minor League Baseball Hobby Box,2022 Topps Heritage Minor League Baseball Hobby,2022 topps heritage minor league baseball hobby
Topps Heritage Minor League,2017 Hobby Box,Baseball,2017,Hobby,2017 Topps Heritage Minor League Baseball Hobby Box,2017 Topps Heritage Minor League Baseball Hobby,2017 topps heritage minor league baseball hobby
Topps High-Tek Stranger Things,2019 Hobby Box,Comics,2019,Hobby,2019 Topps High-Tek Stranger Things Comics Hobby Box,2019 Topps High-Tek Stranger Things Comics Hobby,2019 topps high tek stranger things comics hobby
Topps Holiday,2024 Mega Box,Baseball,2024,Mega,2024 Topps Holiday Baseball Mega Box,2024 Topps Holiday Baseball Mega,2024 topps holiday baseball mega
Topps Inception,2024 Hobby Box,Baseball,2024,Hobby,2024 Topps Inception Baseball Hobby Box,2024 Topps Inception Baseball Hobby,2024 topps inception baseball hobby
Topps Inception,2018 Hobby Box,Baseball,2018,Hobby,2018 Topps Inception Baseball Hobby Box,2018 Topps Inception Baseball Hobby,2018 topps inception baseball hobby
Topps Inception,2019 Hobby Box,Baseball,2019,Hobby,2019 Topps Inception Baseball Hobby Box,2019 Topps Inception Baseball Hobby,2019 topps inception baseball hobby
Topps Inception,2020 Hobby Box,Baseball,2020,Hobby,2020 Topps Inception Baseball Hobby Box,2020 Topps Inception Baseball Hobby,2020 topps inception baseball hobby
Topps Inception,2021 Hobby Box,Baseball,2021,Hobby,2021 Topps Inception Baseball Hobby Box,2021 Topps Inception Baseball Hobby,2021 topps inception baseball hobby
Topps Inception,2023 Hobby Box,Baseball,2023,Hobby,2023 Topps Inception Baseball Hobby Box,2023 Topps Inception Baseball Hobby,2023 topps inception baseball hobby
Topps McDonald's,2024 Hobby Box,Basketball,2024,Hobby,2024 Topps McDonald's Basketball Hobby Box,2024 Topps McDonald's Basketball Hobby,2024 topps mcdonald s basketball hobby
Topps Merlin,2021/22 Hobby Box,Soccer,2021/22,Hobby,2021/22 Topps Merlin Soccer Hobby Box,2021/22 Topps Merlin Soccer Hobby,2021/22 topps merlin soccer hobby
Topps Merlin,2022/23 Hobby Box,Soccer,2022/23,Hobby,2022/23 Topps Merlin Soccer Hobby Box,2022/23 Topps Merlin Soccer Hobby,2022/23 topps merlin soccer hobby
Topps Mini Box,Mini Box,Baseball,,Mini,Topps Mini Box Baseball Mini Box,Topps Mini Box Baseball Mini,topps mini box baseball mini
Topps Midnight,2022 Hobby Box,Basketball,2022,Hobby,2022 Topps Midnight Basketball Hobby Box,2022 Topps Midnight Basketball Hobby,2022 topps midnight basketball hobby
Topps Museum Collection,2023/24 Hobby Box,Baseball,2023/24,Hobby,2023/24 Topps Museum Collection Baseball Hobby Box,2023/24 Topps Museum Collection Baseball Hobby,2023/24 topps museum collection baseball hobby
Topps Museum Collection,2020 Hobby Box,Baseball,2020,Hobby,2020 Topps Museum Collection Baseball Hobby Box,2020 Topps Museum Collection Baseball Hobby,2020 topps museum collection baseball hobby
Topps Museum Collection,2022/23 Hobby Box,Baseball,2022/23,Hobby,2022/23 Topps Museum Collection Baseball Hobby Box,2022/23 Topps Museum Collection Baseball Hobby,2022/23 topps museum collection baseball hobby
Topps Pristine,2018 Hobby Box,Soccer,2018,Hobby,2018 Topps Pristine Soccer Hobby Box,2018 Topps Pristine Soccer Hobby,2018 topps pristine soccer hobby
Topps Pristine,2022 Hobby Box,Baseball,2022,Hobby,2022 Topps Pristine Baseball Hobby Box,2022 Topps Pristine Baseball Hobby,2022 topps pristine baseball hobby
Topps Pro Debut,2023 Hobby Box,Baseball,2023,Hobby,2023 Topps Pro Debut Baseball Hobby Box,2023 Topps Pro Debut Baseball Hobby,2023 topps pro debut baseball hobby
Topps Pro Debut Jumbo,2020 Hobby Box,Baseball,2020,Hobby,2020 Topps Pro Debut Jumbo Baseball Hobby Box,2020 Topps Pro Debut Jumbo Baseball Hobby,2020 topps pro debut jumbo baseball hobby
Topps Pro Debut Jumbo,2023 Hobby Box,Baseball,2023,Hobby,2023 Topps Pro Debut Jumbo Baseball Hobby Box,2023 Topps Pro Debut Jumbo Baseball Hobby,2023 topps pro debut jumbo baseball hobby
Topps Series 1,2021 Blaster Box,Baseball,2021,Blaster,2021 Topps Series 1 Baseball Blaster Box,2021 Topps Series 1 Baseball Blaster,2021 topps series 1 baseball blaster
Topps Series 1 Jumbo,2021 Hobby Box,Baseball,2021,Hobby,2021 Topps Series 1 Jumbo Baseball Hobby Box,2021 Topps Series 1 Jumbo Baseball Hobby,2021 topps series 1 jumbo baseball hobby
Topps Series 2 Jumbo,2021 Hobby Box,Baseball,2021,Hobby,2021 Topps Series 2 Jumbo Baseball Hobby Box,2021 Topps Series 2 Jumbo Baseball Hobby,2021 topps series 2 jumbo baseball hobby
Topps Signature Class,2024 Mega Box,Baseball,2024,Mega,2024 Topps Signature Class Baseball Mega Box,2024 Topps Signature Class Baseball Mega,2024 topps signature class baseball mega
Topps Stadium Club,2017 Hobby Box,Football,2017,Hobby,2017 Topps Stadium Club Football Hobby Box,2017 Topps Stadium Club Football Hobby,2017 topps stadium club football hobby
Topps Stadium Club Chrome,2021 Hobby Box,Soccer,2021,Hobby,2021 Topps Stadium Club Chrome Soccer Hobby Box,2021 Topps Stadium Club Chrome Soccer Hobby,2021 topps stadium club chrome soccer hobby
Topps Stadium Club Chrome,2021 Hobby Box,Baseball,2021,Hobby,2021 Topps Stadium Club Chrome Baseball Hobby Box,2021 Topps Stadium Club Chrome Baseball Hobby,2021 topps stadium club chrome baseball hobby
Topps Star Wars Masterwork,2021 Hobby Box,Star Wars,2021,Hobby,2021 Topps Star Wars Masterwork Star Wars Hobby Box,2021 Topps Star Wars Masterwork Star Wars Hobby,2021 topps star wars masterwork star wars hobby
Topps Star Wars,2022 Hobby Box,Star Wars,2022,Hobby,2022 Topps Star Wars Star Wars Hobby Box,2022 Topps Star Wars Star Wars Hobby,2022 topps star wars star wars hobby
Topps Star Wars Signature Series,2023 Hobby Box,Star Wars,2023,Hobby,2023 Topps Star Wars Signature Series Star Wars Hobby Box,2023 Topps Star Wars Signature Series Star Wars Hobby,2023 topps star wars signature series star wars hobby
Topps Star Wars Galaxy,2023 Hobby Box,Star Wars,2023,Hobby,2023 Topps Star Wars Galaxy Star Wars Hobby Box,2023 Topps Star Wars Galaxy Star Wars Hobby,2023 topps star wars galaxy star wars hobby
Topps Tier 1,2020 Hobby Box,Baseball,2020,Hobby,2020 Topps Tier 1 Baseball Hobby Box,2020 Topps Tier 1 Baseball Hobby,2020 topps tier 1 baseball hobby
Topps Tier 1,2023 Hobby Box,Soccer,2023,Hobby,2023 Topps Tier 1 Soccer Hobby Box,2023 Topps Tier 1 Soccer Hobby,2023 topps tier 1 soccer hobby
Topps Tier 1,2024 Hobby Box,Baseball,2024,Hobby,2024 Topps Tier 1 Baseball Hobby Box,2024 Topps Tier 1 Baseball Hobby,2024 topps tier 1 baseball hobby
Topps Traded,1990 box,Baseball,1990,,1990 Topps Traded Baseball,1990 Topps Traded Baseball,1990 topps traded baseball
Topps Traded Set,1994 box,Baseball,1994,,1994 Topps Traded Set Baseball,1994 Topps Traded Set Baseball,1994 topps traded set baseball
Topps Tribute,2025 Hobby Box,Baseball,2025,Hobby,2025 Topps Tribute Baseball Hobby Box,2025 Topps Tribute Baseball Hobby,2025 topps tribute baseball hobby
Topps Update,2016 Hobby Box,Baseball,2016,Hobby,2016 Topps Update Baseball Hobby Box,2016 Topps Update Baseball Hobby,2016 topps update baseball hobby
Topps Update,2015 Blaster Box,Baseball,2015,Blaster,2015 Topps Update Baseball Blaster Box,2015 Topps Update Baseball Blaster,2015 topps update baseball blaster
Sage Premier Draft,2021 Blaster Box,Football,2021,Blaster,2021 Sage Premier Draft Football Blaster Box,2021 Sage Premier Draft Football Blaster,2021 sage premier draft football blaster
Topps 582 Montgomery Club Set,2023 Member Exclusive,Baseball,2023,,2023 Topps 582 Montgomery Club Set Baseball,2023 Topps 582 Montgomery Club Set Baseball,2023 topps 582 montgomery club set baseball
Topps 582 Montgomery Club Set,2024 Member Exclusive,Baseball,2024,,2024 Topps 582 Montgomery Club Set Baseball,2024 Topps 582 Montgomery Club Set Baseball,2024 topps 582 montgomery club set baseball
Topps,2020/21 box,Soccer,2020/21,,2020/21 Topps Soccer,2020/21 Topps Soccer,2020/21 topps soccer
Topps 2020/21 Match Attax Extra Super Skills Stars,2020 Tins,Soccer,2020,,2020 Topps 2020/21 Match Attax Extra Super Skills Stars Soccer,2020 Topps 2020/21 Match Attax Extra Super Skills Stars Soccer,2020 topps 2020/21 match attax extra super skills stars soccer
Topps 2020,1983 Blaster Box,Baseball,1983,Blaster,1983 Topps 2020 Baseball Blaster Box,1983 Topps 2020 Baseball Blaster,1983 topps 2020 baseball blaster
Topps 2021 Holiday Box,2020 Blaster Box,Baseball,2020,Blaster,2020 Topps 2021 Holiday Box Baseball Blaster Box,2020 Topps 2021 Holiday Box Baseball Blaster,2020 topps 2021 holiday box baseball blaster
Topps 2023 Holiday Box,2021 Mega Box,Baseball,2021,Mega,2021 Topps 2023 Holiday Box Baseball Mega Box,2021 Topps 2023 Holiday Box Baseball Mega,2021 topps 2023 holiday box baseball mega
Topps 2023 Holiday Box,2023 Mega Box,Baseball,2023,Mega,2023 Topps 2023 Holiday Box Baseball Mega Box,2023 Topps 2023 Holiday Box Baseball Mega,2023 topps 2023 holiday box baseball mega
Topps 2021 Series 1-Target Only,2021 Blaster Box,Baseball,2021,Blaster,2021 Topps 2021 Series 1-Target Only Baseball Blaster Box,2021 Topps 2021 Series 1-Target Only Baseball Blaster,2021 topps 2021 series 1 target only baseball blaster
Topps 2021 Series 1-TIN cases,2021 Tin Case,Baseball,2021,Tin Case,2021 Topps 2021 Series 1-TIN cases Baseball Tin Case Box,2021 Topps 2021 Series 1-TIN cases Baseball Tin Case,2021 topps 2021 series 1 tin cases baseball tin case
Topps 2021 Series 2,2021 Hanger Box,Baseball,2021,Hanger,2021 Topps 2021 Series 2 Baseball Hanger Box,2021 Topps 2021 Series 2 Baseball Hanger,2021 topps 2021 series 2 baseball hanger
Topps 2021 Series 2,2021 Blaster Box,Baseball,2021,Blaster,2021 Topps 2021 Series 2 Baseball Blaster Box,2021 Topps 2021 Series 2 Baseball Blaster,2021 topps 2021 series 2 baseball blaster
Topps 2022 Series 1,2021 Jumbo Box,Baseball,2021,Jumbo,2021 Topps 2022 Series 1 Baseball Jumbo Box,2021 Topps 2022 Series 1 Baseball Jumbo,2021 topps 2022 series 1 baseball jumbo
Topps 2022 Series 2,2022 Jumbo Box,Baseball,2022,Jumbo,2022 Topps 2022 Series 2 Baseball Jumbo Box,2022 Topps 2022 Series 2 Baseball Jumbo,2022 topps 2022 series 2 baseball jumbo
Topps 2023 Series 1 Jumbo,2022 Hobby Box,Baseball,2022,Hobby,2022 Topps 2023 Series 1 Jumbo Baseball Hobby Box,2022 Topps 2023 Series 1 Jumbo Baseball Hobby,2022 topps 2023 series 1 jumbo baseball hobby
Topps 2023 Series 1 1st Edition,2023 Hobby Box,Baseball,2023,Hobby,2023 Topps 2023 Series 1 1st Edition Baseball Hobby Box,2023 Topps 2023 Series 1 1st Edition Baseball Hobby,2023 topps 2023 series 1 1st edition baseball hobby
Topps 2024 Series 1,2023 Hobby Box,Baseball,2023,Hobby,2023 Topps 2024 Series 1 Baseball Hobby Box,2023 Topps 2024 Series 1 Baseball Hobby,2023 topps 2024 series 1 baseball hobby
Topps 2025 Series 1 Jumbo,2024 Blaster Box,Baseball,2024,Blaster,2024 Topps 2025 Series 1 Jumbo Baseball Blaster Box,2024 Topps 2025 Series 1 Jumbo Baseball Blaster,2024 topps 2025 series 1 jumbo baseball blaster
Topps 2024 Holiday Advent Calendar,2025 Jumbo Box,Baseball,2025,Jumbo,2025 Topps 2024 Holiday Advent Calendar Baseball Jumbo Box,2025 Topps 2024 Holiday Advent Calendar Baseball Jumbo,2025 topps 2024 holiday advent calendar baseball jumbo
Topps Archives Signatures,2024 Hobby Box,Baseball,2024,Hobby,2024 Topps Archives Signatures Baseball Hobby Box,2024 Topps Archives Signatures Baseball Hobby,2024 topps archives signatures baseball hobby
Topps Bowman Chrome Mini-Set,2021 Hobby Box,Baseball,2021,Hobby,2021 Topps Bowman Chrome Mini-Set Baseball Hobby Box,2021 Topps Bowman Chrome Mini-Set Baseball Hobby,2021 topps bowman chrome mini set baseball hobby
Topps Bowman Chrome Mini-Set,2013 Set,Baseball,2013,Set,2013 Topps Bowman Chrome Mini-Set Baseball Set Box,2013 Topps Bowman Chrome Mini-Set Baseball Set,2013 topps bowman chrome mini set baseball set
Topps Brooklyn Collection,2017 Set,Baseball,2017,Set,2017 Topps Brooklyn Collection Baseball Set Box,2017 Topps Brooklyn Collection Baseball Set,2017 topps brooklyn collection baseball set
Topps Brooklyn Collection,2022 Hobby Box,Baseball,2022,Hobby,2022 Topps Brooklyn Collection Baseball Hobby Box,2022 Topps Brooklyn Collection Baseball Hobby,2022 topps brooklyn collection baseball hobby
Topps Bundesliga,2023 Hobby Box,Soccer,2023,Hobby,2023 Topps Bundesliga Soccer Hobby Box,2023 Topps Bundesliga Soccer Hobby,2023 topps bundesliga soccer hobby
Topps Chrome,2021-22 Hobby Box,Soccer,2021-22,Hobby,2021-22 Topps Chrome Soccer Hobby Box,2021-22 Topps Chrome Soccer Hobby,2021 22 topps chrome soccer hobby
Topps Chrome,2020 Hobby Box,Baseball,2020,Hobby,2020 Topps Chrome Baseball Hobby Box,2020 Topps Chrome Baseball Hobby,2020 topps chrome baseball hobby
Topps Chrome,2019 Blaster Box,Baseball,2019,Blaster,2019 Topps Chrome Baseball Blaster Box,2019 Topps Chrome Baseball Blaster,2019 topps chrome baseball blaster
Topps Chrome,2015 Hobby Box,Baseball,2015,Hobby,2015 Topps Chrome Baseball Hobby Box,2015 Topps Chrome Baseball Hobby,2015 topps chrome baseball hobby
Topps Chrome,2017 Hobby Box,Baseball,2017,Hobby,2017 Topps Chrome Baseball Hobby Box,2017 Topps Chrome Baseball Hobby,2017 topps chrome baseball hobby
Topps Chrome,2018 Hobby Box,Baseball,2018,Hobby,2018 Topps Chrome Baseball Hobby Box,2018 Topps Chrome Baseball Hobby,2018 topps chrome baseball hobby
Topps Chrome,1997 Hobby Box,Baseball,1997,Hobby,1997 Topps Chrome Baseball Hobby Box,1997 Topps Chrome Baseball Hobby,1997 topps chrome baseball hobby
Topps Chrome,2024 Hobby Box,Baseball,2024,Hobby,2024 Topps Chrome Baseball Hobby Box,2024 Topps Chrome Baseball Hobby,2024 topps chrome baseball hobby
Topps Chrome,2024 Mega Box,Baseball,2024,Mega,2024 Topps Chrome Baseball Mega Box,2024 Topps Chrome Baseball Mega,2024 topps chrome baseball mega
Topps Chrome McDonald's,2024/23 Hobby Box,Soccer,2024/23,Hobby,2024/23 Topps Chrome McDonald's Soccer Hobby Box,2024/23 Topps Chrome McDonald's Soccer Hobby,2024/23 topps chrome mcdonald s soccer hobby
Topps Chrome Jumbo,2024 Hobby Box,Baseball,2024,Hobby,2024 Topps Chrome Jumbo Baseball Hobby Box,2024 Topps Chrome Jumbo Baseball Hobby,2024 topps chrome jumbo baseball hobby
Topps Chrome Jumbo,2021 Hobby Box,Baseball,2021,Hobby,2021 Topps Chrome Jumbo Baseball Hobby Box,2021 Topps Chrome Jumbo Baseball Hobby,2021 topps chrome jumbo baseball hobby
Topps Chrome Jumbo,2022 Hobby Box,Baseball,2022,Hobby,2022 Topps Chrome Jumbo Baseball Hobby Box,2022 Topps Chrome Jumbo Baseball Hobby,2022 topps chrome jumbo baseball hobby
Topps Chrome,2022 Hobby Box,Baseball,2022,Hobby,2022 Topps Chrome Baseball Hobby Box,2022 Topps Chrome Baseball Hobby,2022 topps chrome baseball hobby
Topps Chrome Jumbo,2023 Hobby Box,Baseball,2023,Hobby,2023 Topps Chrome Jumbo Baseball Hobby Box,2023 Topps Chrome Jumbo Baseball Hobby,2023 topps chrome jumbo baseball hobby
Topps Chrome Monster Box,2024 Hobby Box,Baseball,2024,Hobby,2024 Topps Chrome Monster Box Baseball Hobby Box,2024 Topps Chrome Monster Box Baseball Hobby,2024 topps chrome monster box baseball hobby
Topps Chrome Black,2024 Monster Box,Baseball,2024,Monster,2024 Topps Chrome Black Baseball Monster Box,2024 Topps Chrome Black Baseball Monster,2024 topps chrome black baseball monster
Chrome Black,2020 Hobby Box,Baseball,2020,Hobby,2020 Chrome Black Baseball Hobby Box,2020 Chrome Black Baseball Hobby,2020 chrome black baseball hobby
Topps Chrome Cosmic,2021 Hobby Box,Baseball,2021,Hobby,2021 Topps Chrome Cosmic Baseball Hobby Box,2021 Topps Chrome Cosmic Baseball Hobby,2021 topps chrome cosmic baseball hobby
Topps Chrome Cosmic,2022 Hobby Box,Baseball,2022,Hobby,2022 Topps Chrome Cosmic Baseball Hobby Box,2022 Topps Chrome Cosmic Baseball Hobby,2022 topps chrome cosmic baseball hobby
Topps Chrome Cosmic,2023 Hobby Box,Baseball,2023,Hobby,2023 Topps Chrome Cosmic Baseball Hobby Box,2023 Topps Chrome Cosmic Baseball Hobby,2023 topps chrome cosmic baseball hobby
Topps Chrome Cosmic,2024 Hobby Box,Baseball,2024,Hobby,2024 Topps Chrome Cosmic Baseball Hobby Box,2024 Topps Chrome Cosmic Baseball Hobby,2024 topps chrome cosmic baseball hobby
Topps Update,2019 Hobby Box,Baseball,2019,Hobby,2019 Topps Update Baseball Hobby Box,2019 Topps Update Baseball Hobby,2019 topps update baseball hobby
Topps Update,2019 Hobby Box,Hockey,2019,Hobby,2019 Topps Update Hockey Hobby Box,2019 Topps Update Hockey Hobby,2019 topps update hockey hobby
Topps Update,2020 Hobby Box,Baseball,2020,Hobby,2020 Topps Update Baseball Hobby Box,2020 Topps Update Baseball Hobby,2020 topps update baseball hobby
Topps Update,2021 Retail Box,Baseball,2021,Retail,2021 Topps Update Baseball Retail Box,2021 Topps Update Baseball Retail,2021 topps update baseball retail
Topps Update,2021 Blaster Box,Baseball,2021,Blaster,2021 Topps Update Baseball Blaster Box,2021 Topps Update Baseball Blaster,2021 topps update baseball blaster
Topps Update Jumbo,2021 Hanger Box,Baseball,2021,Hanger,2021 Topps Update Jumbo Baseball Hanger Box,2021 Topps Update Jumbo Baseball Hanger,2021 topps update jumbo baseball hanger
Topps Update Jumbo,2020 Hobby Box,Baseball,2020,Hobby,2020 Topps Update Jumbo Baseball Hobby Box,2020 Topps Update Jumbo Baseball Hobby,2020 topps update jumbo baseball hobby
Topps Update Jumbo,2017 Hobby Box,Baseball,2017,Hobby,2017 Topps Update Jumbo Baseball Hobby Box,2017 Topps Update Jumbo Baseball Hobby,2017 topps update jumbo baseball hobby
Topps Update Jumbo,2019 Hobby Box,Baseball,2019,Hobby,2019 Topps Update Jumbo Baseball Hobby Box,2019 Topps Update Jumbo Baseball Hobby,2019 topps update jumbo baseball hobby
Topps Update Jumbo,2021 Hobby Box,Baseball,2021,Hobby,2021 Topps Update Jumbo Baseball Hobby Box,2021 Topps Update Jumbo Baseball Hobby,2021 topps update jumbo baseball hobby
Topps Update Jumbo,2022 Hobby Box,Baseball,2022,Hobby,2022 Topps Update Jumbo Baseball Hobby Box,2022 Topps Update Jumbo Baseball Hobby,2022 topps update jumbo baseball hobby
Topps Update Jumbo,2023 Hobby Box,Baseball,2023,Hobby,2023 Topps Update Jumbo Baseball Hobby Box,2023 Topps Update Jumbo Baseball Hobby,2023 topps update jumbo baseball hobby
Topps Welcome to the Club (Ohtani 3X MVP),2025 Hobby Box,Baseball,2025,Hobby,2025 Topps Welcome to the Club (Ohtani 3X MVP) Baseball Hobby Box,2025 Topps Welcome to the Club (Ohtani 3X MVP) Baseball Hobby,2025 topps welcome to the club ohtani 3x mvp baseball hobby
Topps Wonderland Set,2024 Set-Red Pack,Baseball,2024,Set,2024 Topps Wonderland Set Baseball Set Box,2024 Topps Wonderland Set Baseball Set,2024 topps wonderland set baseball set
Topps World Baseball Classic,2023 Hobby Box,Baseball,2023,Hobby,2023 Topps World Baseball Classic Baseball Hobby Box,2023 Topps World Baseball Classic Baseball Hobby,2023 topps world baseball classic baseball hobby
Topps X Derek Jeter Card Collection,2020 box,Baseball,2020,,2020 Topps X Derek Jeter Card Collection Baseball,2020 Topps X Derek Jeter Card Collection Baseball,2020 topps x derek jeter card collection baseball
Topps X Wander Franco,2022 box,Baseball,2022,,2022 Topps X Wander Franco Baseball,2022 Topps X Wander Franco Baseball,2022 topps x wander franco baseball
Topps X Steve Aoki Collection,2022 box,Baseball,2022,,2022 Topps X Steve Aoki Collection Baseball,2022 Topps X Steve Aoki Collection Baseball,2022 topps x steve aoki collection baseball
Upper Deck MVP,2023-24 box,Hockey,2023-24,,2023-24 Upper Deck MVP Hockey,2023-24 Upper Deck MVP Hockey,2023 24 upper deck mvp hockey
Upper Deck Connor Bedard Collection,2023-24 Blaster Box,Hockey,2023-24,Blaster,2023-24 Upper Deck Connor Bedard Collection Hockey Blaster Box,2023-24 Upper Deck Connor Bedard Collection Hockey Blaster,2023 24 upper deck connor bedard collection hockey blaster
Upper Deck Star Rookies,2023-24 Box Set,Hockey,2023-24,Set,2023-24 Upper Deck Star Rookies Hockey Set Box,2023-24 Upper Deck Star Rookies Hockey Set,2023 24 upper deck star rookies hockey set
